time,open,high,low,close,tick_volume,spread,real_volume
2025-07-22 21:42:00,1.17497,1.17497,1.17489,1.1749,6,8,0
2025-07-22 21:43:00,1.1749,1.1749,1.17488,1.17489,4,18,0
2025-07-22 21:44:00,1.17488,1.1749100000000001,1.17488,1.1749100000000001,12,16,0
2025-07-22 21:45:00,1.1749,1.17495,1.17489,1.1749100000000001,35,11,0
2025-07-22 21:46:00,1.1749100000000001,1.17498,1.1749100000000001,1.17497,19,8,0
2025-07-22 21:47:00,1.17497,1.17499,1.17496,1.17499,7,8,0
2025-07-22 21:48:00,1.17498,1.17498,1.17494,1.17496,21,8,0
2025-07-22 21:49:00,1.17496,1.17497,1.17495,1.17497,14,9,0
2025-07-22 21:50:00,1.17497,1.17498,1.17495,1.17497,23,8,0
2025-07-22 21:51:00,1.17497,1.17498,1.17497,1.17497,3,8,0
2025-07-22 21:52:00,1.17498,1.17498,1.17497,1.17498,7,8,0
2025-07-22 21:53:00,1.17497,1.17497,1.17496,1.17496,2,8,0
2025-07-22 21:54:00,1.17496,1.17497,1.17495,1.17495,6,9,0
2025-07-22 21:55:00,1.17495,1.17504,1.17495,1.17502,16,10,0
2025-07-22 21:56:00,1.17503,1.17503,1.1750099999999999,1.17503,10,10,0
2025-07-22 21:57:00,1.17502,1.17503,1.17496,1.17498,22,10,0
2025-07-22 21:58:00,1.17493,1.17499,1.1749,1.17492,48,9,0
2025-07-22 21:59:00,1.17492,1.17493,1.17469,1.17489,69,8,0
2025-07-22 22:00:00,1.17488,1.17507,1.17454,1.17487,205,8,0
2025-07-22 22:01:00,1.17487,1.17492,1.17485,1.17485,24,8,0
2025-07-22 22:02:00,1.17486,1.17486,1.17477,1.17482,12,8,0
2025-07-22 22:03:00,1.17482,1.17483,1.17469,1.17471,28,8,0
2025-07-22 22:04:00,1.17471,1.17479,1.17468,1.17479,16,8,0
2025-07-22 22:05:00,1.17479,1.17494,1.17479,1.17487,40,8,0
2025-07-22 22:06:00,1.17489,1.1749,1.17475,1.17476,31,8,0
2025-07-22 22:07:00,1.17476,1.17479,1.17476,1.17477,7,8,0
2025-07-22 22:08:00,1.17475,1.17478,1.17472,1.17478,11,8,0
2025-07-22 22:09:00,1.17477,1.17479,1.17477,1.17478,8,8,0
2025-07-22 22:10:00,1.17477,1.17485,1.17477,1.17483,21,2,0
2025-07-22 22:11:00,1.17484,1.17484,1.17481,1.17481,10,2,0
2025-07-22 22:12:00,1.17482,1.17482,1.17482,1.17482,1,2,0
2025-07-22 22:13:00,1.17481,1.17481,1.17476,1.17476,10,2,0
2025-07-22 22:14:00,1.17476,1.17476,1.17474,1.17476,11,2,0
2025-07-22 22:15:00,1.17475,1.17478,1.1746699999999999,1.17468,11,2,0
2025-07-22 22:16:00,1.17472,1.17479,1.17472,1.17478,37,2,0
2025-07-22 22:17:00,1.17479,1.17482,1.17478,1.17479,10,2,0
2025-07-22 22:18:00,1.1748,1.17483,1.17479,1.17479,19,2,0
2025-07-22 22:19:00,1.1748,1.17486,1.1748,1.17485,13,2,0
2025-07-22 22:20:00,1.17486,1.17492,1.17486,1.17492,19,2,0
2025-07-22 22:21:00,1.17492,1.17492,1.17492,1.17492,1,2,0
2025-07-22 22:22:00,1.17492,1.17492,1.1749100000000001,1.1749100000000001,10,2,0
2025-07-22 22:23:00,1.1749100000000001,1.17498,1.1749100000000001,1.17496,24,2,0
2025-07-22 22:24:00,1.17496,1.17497,1.17496,1.17497,2,2,0
2025-07-22 22:25:00,1.17497,1.17499,1.17496,1.17499,18,2,0
2025-07-22 22:26:00,1.17499,1.17499,1.17498,1.17499,3,2,0
2025-07-22 22:27:00,1.17498,1.17499,1.17496,1.17496,5,2,0
2025-07-22 22:28:00,1.17496,1.17497,1.17496,1.17497,2,2,0
2025-07-22 22:29:00,1.17497,1.17497,1.17495,1.17495,5,2,0
2025-07-22 22:30:00,1.17495,1.17496,1.17479,1.17479,41,2,0
2025-07-22 22:31:00,1.17479,1.17482,1.17474,1.17477,34,2,0
2025-07-22 22:32:00,1.17476,1.17477,1.17466,1.17472,47,2,0
2025-07-22 22:33:00,1.17472,1.1748,1.17471,1.17479,16,2,0
2025-07-22 22:34:00,1.17479,1.17482,1.17477,1.17481,9,2,0
2025-07-22 22:35:00,1.17482,1.17484,1.17481,1.17482,8,2,0
2025-07-22 22:36:00,1.17482,1.17482,1.17477,1.17477,8,2,0
2025-07-22 22:37:00,1.17477,1.17484,1.17476,1.17484,10,2,0
2025-07-22 22:38:00,1.17483,1.1749100000000001,1.17482,1.1749,13,2,0
2025-07-22 22:39:00,1.1749,1.17497,1.17489,1.17497,8,2,0
2025-07-22 22:40:00,1.17497,1.17497,1.17496,1.17497,5,2,0
2025-07-22 22:41:00,1.17496,1.17497,1.17495,1.17497,8,2,0
2025-07-22 22:42:00,1.17497,1.17498,1.17497,1.17498,6,2,0
2025-07-22 22:43:00,1.17497,1.17498,1.17497,1.17497,5,2,0
2025-07-22 22:44:00,1.17497,1.17498,1.17497,1.17497,3,2,0
2025-07-22 22:45:00,1.17498,1.17499,1.17497,1.17498,7,2,0
2025-07-22 22:46:00,1.17498,1.17498,1.17497,1.17497,6,2,0
2025-07-22 22:47:00,1.17498,1.17499,1.17497,1.17499,18,2,0
2025-07-22 22:48:00,1.17499,1.175,1.17495,1.17497,26,2,0
2025-07-22 22:49:00,1.17497,1.17497,1.17495,1.17495,4,2,0
2025-07-22 22:51:00,1.17496,1.17499,1.17495,1.17497,28,2,0
2025-07-22 22:52:00,1.17497,1.17497,1.17487,1.17488,30,2,0
2025-07-22 22:53:00,1.17488,1.17489,1.17484,1.17486,20,2,0
2025-07-22 22:54:00,1.17486,1.17487,1.17485,1.17487,6,2,0
2025-07-22 22:55:00,1.17487,1.17487,1.17485,1.17485,7,2,0
2025-07-22 22:56:00,1.17485,1.17486,1.17484,1.17486,8,2,0
2025-07-22 22:57:00,1.17486,1.17488,1.17486,1.17488,3,2,0
2025-07-22 22:58:00,1.17487,1.17487,1.17485,1.17486,4,2,0
2025-07-22 22:59:00,1.17486,1.17486,1.17481,1.17481,10,2,0
2025-07-22 23:00:00,1.17482,1.17497,1.17477,1.17497,32,2,0
2025-07-22 23:01:00,1.17497,1.17497,1.17492,1.17494,11,2,0
2025-07-22 23:02:00,1.17494,1.175,1.17494,1.17498,17,2,0
2025-07-22 23:03:00,1.17497,1.17498,1.17494,1.17494,27,2,0
2025-07-22 23:04:00,1.17493,1.17496,1.17492,1.17495,12,2,0
2025-07-22 23:05:00,1.17495,1.17495,1.17492,1.17492,7,2,0
2025-07-22 23:06:00,1.17492,1.17496,1.17492,1.17496,7,2,0
2025-07-22 23:07:00,1.17496,1.17496,1.17495,1.17495,6,2,0
2025-07-22 23:08:00,1.17495,1.17495,1.17492,1.17492,4,2,0
2025-07-22 23:09:00,1.17492,1.17492,1.17489,1.1749,8,2,0
2025-07-22 23:10:00,1.17489,1.1749,1.17481,1.17485,24,2,0
2025-07-22 23:11:00,1.17485,1.1749100000000001,1.17485,1.1749,11,2,0
2025-07-22 23:12:00,1.1749,1.17492,1.1749,1.1749100000000001,4,2,0
2025-07-22 23:13:00,1.1749100000000001,1.1754,1.1749,1.17527,312,2,0
2025-07-22 23:14:00,1.17527,1.17557,1.17517,1.17557,228,2,0
2025-07-22 23:15:00,1.17556,1.17561,1.17544,1.1755200000000001,173,2,0
2025-07-22 23:16:00,1.17551,1.17556,1.17539,1.17547,111,2,0
2025-07-22 23:17:00,1.17547,1.17547,1.17522,1.17522,104,2,0
2025-07-22 23:18:00,1.17521,1.17531,1.17496,1.17496,118,2,0
2025-07-22 23:19:00,1.17496,1.17504,1.17485,1.17497,91,2,0
2025-07-22 23:20:00,1.17496,1.17498,1.17486,1.17486,36,2,0
2025-07-22 23:21:00,1.17486,1.17486,1.17462,1.17462,70,2,0
2025-07-22 23:22:00,1.17462,1.17465,1.17448,1.17448,69,2,0
2025-07-22 23:23:00,1.17448,1.1745,1.17435,1.17441,65,2,0
2025-07-22 23:24:00,1.1743999999999999,1.17447,1.17438,1.1743999999999999,60,2,0
2025-07-22 23:25:00,1.17441,1.17449,1.1743999999999999,1.17441,57,2,0
2025-07-22 23:26:00,1.17441,1.17443,1.17426,1.17428,58,2,0
2025-07-22 23:27:00,1.17429,1.17445,1.17429,1.17443,32,2,0
2025-07-22 23:28:00,1.17443,1.17443,1.17437,1.1743999999999999,23,2,0
2025-07-22 23:29:00,1.1743999999999999,1.17441,1.1743000000000001,1.17431,43,2,0
2025-07-22 23:30:00,1.17431,1.17435,1.17411,1.17416,69,2,0
2025-07-22 23:31:00,1.17416,1.17427,1.17415,1.17426,64,2,0
2025-07-22 23:32:00,1.17426,1.17427,1.17417,1.17422,36,2,0
2025-07-22 23:33:00,1.17423,1.17423,1.17415,1.17417,73,2,0
2025-07-22 23:34:00,1.17416,1.17417,1.17401,1.17405,87,2,0
2025-07-22 23:35:00,1.17405,1.17407,1.17394,1.17401,64,2,0
2025-07-22 23:36:00,1.174,1.17403,1.17391,1.17397,65,2,0
2025-07-22 23:37:00,1.1739600000000001,1.17397,1.17388,1.1739,46,2,0
2025-07-22 23:38:00,1.17389,1.1739600000000001,1.17389,1.17392,42,2,0
2025-07-22 23:39:00,1.17393,1.17397,1.1739,1.1739,18,2,0
2025-07-22 23:40:00,1.1739,1.17391,1.17384,1.17387,50,2,0
2025-07-22 23:41:00,1.17387,1.17392,1.17384,1.17391,39,2,0
2025-07-22 23:42:00,1.17391,1.1739600000000001,1.17385,1.17385,60,2,0
2025-07-22 23:43:00,1.17386,1.17389,1.17385,1.17386,23,2,0
2025-07-22 23:44:00,1.17386,1.17398,1.17386,1.17393,29,2,0
2025-07-22 23:45:00,1.17394,1.1739600000000001,1.17391,1.17393,35,2,0
2025-07-22 23:46:00,1.17393,1.1739600000000001,1.17386,1.17388,47,2,0
2025-07-22 23:47:00,1.17388,1.17388,1.17375,1.17381,64,2,0
2025-07-22 23:48:00,1.17382,1.17391,1.1738,1.17387,38,2,0
2025-07-22 23:49:00,1.17387,1.17387,1.17375,1.17375,34,2,0
2025-07-22 23:50:00,1.17376,1.1738,1.17374,1.17374,42,2,0
2025-07-22 23:51:00,1.17374,1.17386,1.1736,1.17385,61,2,0
2025-07-22 23:52:00,1.17385,1.17392,1.17383,1.1739,43,2,0
2025-07-22 23:53:00,1.1739,1.17393,1.17373,1.17374,41,2,0
2025-07-22 23:54:00,1.17375,1.17381,1.17372,1.17377,66,2,0
2025-07-22 23:55:00,1.17377,1.17382,1.1736900000000001,1.1738,89,2,0
2025-07-22 23:56:00,1.17381,1.17383,1.17373,1.17374,80,2,0
2025-07-22 23:57:00,1.17374,1.17386,1.1736900000000001,1.17382,63,2,0
2025-07-22 23:58:00,1.17382,1.17391,1.17382,1.17389,52,2,0
2025-07-22 23:59:00,1.17388,1.17388,1.17376,1.1738,75,2,0
2025-07-23 00:00:00,1.1738,1.17388,1.1737,1.17378,165,2,0
2025-07-23 00:01:00,1.17377,1.17387,1.17372,1.17383,88,2,0
2025-07-23 00:02:00,1.17382,1.17386,1.17368,1.1736900000000001,82,2,0
2025-07-23 00:03:00,1.17368,1.17382,1.17359,1.17382,121,2,0
2025-07-23 00:04:00,1.17382,1.17386,1.17375,1.17382,87,2,0
2025-07-23 00:05:00,1.17382,1.17386,1.17361,1.17376,87,2,0
2025-07-23 00:06:00,1.17376,1.17378,1.17365,1.17365,38,2,0
2025-07-23 00:07:00,1.17365,1.17367,1.17356,1.17356,55,2,0
2025-07-23 00:08:00,1.17357,1.17358,1.1734499999999999,1.17347,71,2,0
2025-07-23 00:09:00,1.17347,1.17362,1.17342,1.17347,84,2,0
2025-07-23 00:10:00,1.17347,1.17349,1.17343,1.17346,59,2,0
2025-07-23 00:11:00,1.17346,1.17347,1.1734,1.17341,48,2,0
2025-07-23 00:12:00,1.17341,1.17344,1.17337,1.17338,64,2,0
2025-07-23 00:13:00,1.17339,1.17346,1.17337,1.17342,93,2,0
2025-07-23 00:14:00,1.17342,1.17347,1.1733500000000001,1.17346,58,2,0
2025-07-23 00:15:00,1.17346,1.17412,1.17341,1.17392,276,2,0
2025-07-23 00:16:00,1.17392,1.17395,1.17371,1.17373,121,2,0
2025-07-23 00:17:00,1.17373,1.17381,1.17357,1.1737,132,2,0
2025-07-23 00:18:00,1.1737,1.17381,1.1737,1.17376,75,2,0
2025-07-23 00:19:00,1.17375,1.17382,1.1736900000000001,1.17372,103,2,0
2025-07-23 00:20:00,1.17371,1.17398,1.1737,1.1739600000000001,100,2,0
2025-07-23 00:21:00,1.1739600000000001,1.17401,1.17391,1.17393,145,2,0
2025-07-23 00:22:00,1.17393,1.17394,1.17377,1.17387,90,2,0
2025-07-23 00:23:00,1.17386,1.17391,1.17382,1.17384,80,2,0
2025-07-23 00:24:00,1.17385,1.17401,1.17385,1.17393,63,2,0
2025-07-23 00:25:00,1.17393,1.174,1.17388,1.17399,82,2,0
2025-07-23 00:26:00,1.17399,1.174,1.17394,1.1739600000000001,64,2,0
2025-07-23 00:27:00,1.1739600000000001,1.17429,1.17395,1.17413,103,2,0
2025-07-23 00:28:00,1.17413,1.17427,1.17413,1.17418,119,2,0
2025-07-23 00:29:00,1.17418,1.17432,1.17416,1.17427,109,2,0
2025-07-23 00:30:00,1.17427,1.17428,1.1740599999999999,1.17412,110,2,0
2025-07-23 00:31:00,1.17413,1.17431,1.17404,1.17405,95,2,0
2025-07-23 00:32:00,1.1740599999999999,1.17411,1.17404,1.17405,71,2,0
2025-07-23 00:33:00,1.17404,1.17405,1.17386,1.17387,41,2,0
2025-07-23 00:34:00,1.17386,1.174,1.17386,1.17389,106,2,0
2025-07-23 00:35:00,1.17389,1.17389,1.1736900000000001,1.17376,62,2,0
2025-07-23 00:36:00,1.17376,1.1738,1.17375,1.17377,34,2,0
2025-07-23 00:37:00,1.17378,1.17387,1.1736900000000001,1.17371,61,2,0
2025-07-23 00:38:00,1.17371,1.1739600000000001,1.17371,1.1739600000000001,50,2,0
2025-07-23 00:39:00,1.1739600000000001,1.17422,1.17392,1.17415,69,2,0
2025-07-23 00:40:00,1.17414,1.17418,1.17405,1.17417,69,2,0
2025-07-23 00:41:00,1.17416,1.17416,1.17403,1.17409,42,2,0
2025-07-23 00:42:00,1.17409,1.17414,1.17407,1.17411,28,2,0
2025-07-23 00:43:00,1.17411,1.17412,1.17399,1.174,66,2,0
2025-07-23 00:44:00,1.174,1.17408,1.17393,1.17402,62,2,0
2025-07-23 00:45:00,1.17402,1.1741,1.17397,1.17408,69,2,0
2025-07-23 00:46:00,1.17407,1.17413,1.1740599999999999,1.1740599999999999,57,2,0
2025-07-23 00:47:00,1.1740599999999999,1.17413,1.17403,1.17412,52,2,0
2025-07-23 00:48:00,1.17413,1.17417,1.17391,1.1740599999999999,84,2,0
2025-07-23 00:49:00,1.17405,1.17408,1.17402,1.17402,78,2,0
2025-07-23 00:50:00,1.17402,1.17416,1.17398,1.17409,82,2,0
2025-07-23 00:51:00,1.1741,1.17421,1.1741,1.17418,70,2,0
2025-07-23 00:52:00,1.17418,1.17427,1.17417,1.17426,57,2,0
2025-07-23 00:53:00,1.17425,1.17436,1.17425,1.17433,96,2,0
2025-07-23 00:54:00,1.17432,1.1746,1.17431,1.17443,214,2,0
2025-07-23 00:55:00,1.17443,1.17453,1.17422,1.17442,144,2,0
2025-07-23 00:56:00,1.17442,1.17448,1.17441,1.17446,86,2,0
2025-07-23 00:57:00,1.17446,1.1746699999999999,1.17445,1.17463,91,2,0
2025-07-23 00:58:00,1.17463,1.17475,1.17462,1.17474,75,2,0
2025-07-23 00:59:00,1.17473,1.17478,1.17469,1.17471,89,2,0
2025-07-23 01:00:00,1.17471,1.17486,1.17461,1.1747,178,2,0
2025-07-23 01:01:00,1.1747,1.17471,1.17458,1.1746699999999999,148,2,0
2025-07-23 01:02:00,1.17466,1.17477,1.17465,1.17466,126,2,0
2025-07-23 01:03:00,1.17466,1.17468,1.1745,1.17452,75,2,0
2025-07-23 01:04:00,1.17452,1.17458,1.17411,1.17411,102,2,0
2025-07-23 01:05:00,1.17411,1.17425,1.17411,1.17412,65,2,0
2025-07-23 01:06:00,1.17412,1.17423,1.1741,1.17411,74,2,0
2025-07-23 01:07:00,1.17411,1.17413,1.17382,1.17401,109,2,0
2025-07-23 01:08:00,1.174,1.17401,1.17372,1.17373,73,2,0
2025-07-23 01:09:00,1.17373,1.17392,1.17371,1.17386,111,2,0
2025-07-23 01:10:00,1.17386,1.1739,1.17385,1.17387,60,2,0
2025-07-23 01:11:00,1.17387,1.17395,1.17381,1.17392,44,2,0
2025-07-23 01:12:00,1.17393,1.17402,1.17392,1.17392,57,2,0
2025-07-23 01:13:00,1.17392,1.17395,1.17387,1.17389,37,2,0
2025-07-23 01:14:00,1.17388,1.17413,1.17388,1.17409,82,2,0
2025-07-23 01:15:00,1.17408,1.17413,1.17387,1.17387,66,2,0
2025-07-23 01:16:00,1.17388,1.17389,1.17381,1.17385,49,2,0
2025-07-23 01:17:00,1.17384,1.17401,1.17382,1.17394,38,2,0
2025-07-23 01:18:00,1.17393,1.17398,1.17385,1.17392,72,2,0
2025-07-23 01:19:00,1.17391,1.174,1.17391,1.17393,86,2,0
2025-07-23 01:20:00,1.17393,1.17408,1.17386,1.17407,90,2,0
2025-07-23 01:21:00,1.17408,1.17418,1.17397,1.17397,51,2,0
2025-07-23 01:22:00,1.17398,1.17402,1.17386,1.17397,61,2,0
2025-07-23 01:23:00,1.17397,1.17402,1.17393,1.17394,45,2,0
2025-07-23 01:24:00,1.17393,1.17401,1.17391,1.17393,70,2,0
2025-07-23 01:25:00,1.17393,1.1739600000000001,1.17383,1.17388,39,2,0
2025-07-23 01:26:00,1.17388,1.17404,1.17387,1.174,78,2,0
2025-07-23 01:27:00,1.17399,1.17403,1.1739,1.17401,60,2,0
2025-07-23 01:28:00,1.17401,1.1740599999999999,1.17392,1.17401,73,2,0
2025-07-23 01:29:00,1.17401,1.17404,1.1739,1.17392,51,2,0
2025-07-23 01:30:00,1.17392,1.17392,1.17377,1.1739,97,2,0
2025-07-23 01:31:00,1.17391,1.17403,1.17385,1.17388,109,2,0
2025-07-23 01:32:00,1.17388,1.1739,1.17374,1.1738,52,2,0
2025-07-23 01:33:00,1.1738,1.17388,1.1738,1.17385,46,2,0
2025-07-23 01:34:00,1.17385,1.17399,1.17385,1.17397,32,2,0
2025-07-23 01:35:00,1.17397,1.17405,1.1739600000000001,1.17402,49,2,0
2025-07-23 01:36:00,1.17401,1.17413,1.174,1.17412,51,2,0
2025-07-23 01:37:00,1.17412,1.17424,1.17397,1.17397,88,2,0
2025-07-23 01:38:00,1.17397,1.17397,1.17374,1.17377,52,2,0
2025-07-23 01:39:00,1.17377,1.17377,1.17367,1.17374,68,2,0
2025-07-23 01:40:00,1.17375,1.17377,1.1737,1.17372,46,2,0
2025-07-23 01:41:00,1.17372,1.17373,1.17351,1.17353,74,2,0
2025-07-23 01:42:00,1.17352,1.17353,1.17342,1.17347,48,2,0
2025-07-23 01:43:00,1.17347,1.17347,1.17338,1.1734,62,2,0
2025-07-23 01:44:00,1.1734,1.17346,1.17321,1.17339,126,2,0
2025-07-23 01:45:00,1.17338,1.17339,1.1732,1.17322,69,2,0
2025-07-23 01:46:00,1.17322,1.17332,1.1731,1.17311,119,2,0
2025-07-23 01:47:00,1.1731,1.17316,1.17305,1.17312,97,2,0
2025-07-23 01:48:00,1.17312,1.17332,1.17312,1.17329,113,2,0
2025-07-23 01:49:00,1.17329,1.17338,1.17323,1.17333,59,2,0
2025-07-23 01:50:00,1.17332,1.17346,1.17325,1.17342,56,2,0
2025-07-23 01:51:00,1.17342,1.17354,1.17338,1.17352,73,2,0
2025-07-23 01:52:00,1.17352,1.17367,1.17346,1.17364,98,2,0
2025-07-23 01:53:00,1.17364,1.17378,1.17357,1.17373,93,2,0
2025-07-23 01:54:00,1.17372,1.17383,1.17367,1.17382,91,2,0
2025-07-23 01:55:00,1.17382,1.17391,1.17367,1.1736900000000001,92,2,0
2025-07-23 01:56:00,1.1736900000000001,1.17375,1.17367,1.17367,28,2,0
2025-07-23 01:57:00,1.17368,1.17376,1.17361,1.17361,45,2,0
2025-07-23 01:58:00,1.17361,1.17364,1.17356,1.17358,79,2,0
2025-07-23 01:59:00,1.17358,1.1737,1.17358,1.1737,86,2,0
2025-07-23 02:00:00,1.1737,1.17393,1.1737,1.1739,44,2,0
2025-07-23 02:01:00,1.1739,1.17398,1.17384,1.17392,44,2,0
2025-07-23 02:02:00,1.17392,1.17402,1.17392,1.17395,63,2,0
2025-07-23 02:03:00,1.17395,1.17395,1.17391,1.17392,15,2,0
2025-07-23 02:04:00,1.17392,1.17407,1.17392,1.17402,64,2,0
2025-07-23 02:05:00,1.17402,1.17409,1.174,1.17407,46,2,0
2025-07-23 02:06:00,1.17407,1.17407,1.17393,1.17401,52,2,0
2025-07-23 02:07:00,1.17401,1.17403,1.1739,1.17392,57,2,0
2025-07-23 02:08:00,1.17391,1.17392,1.17384,1.17391,49,2,0
2025-07-23 02:09:00,1.17391,1.17392,1.17384,1.17391,38,2,0
2025-07-23 02:10:00,1.17391,1.17395,1.17383,1.17395,50,2,0
2025-07-23 02:11:00,1.17395,1.17399,1.17393,1.17394,29,2,0
2025-07-23 02:12:00,1.17394,1.17407,1.17394,1.1740599999999999,36,2,0
2025-07-23 02:13:00,1.1740599999999999,1.1740599999999999,1.1739600000000001,1.174,39,2,0
2025-07-23 02:14:00,1.17401,1.17403,1.17391,1.17392,41,2,0
2025-07-23 02:15:00,1.17392,1.17398,1.17384,1.1739600000000001,40,2,0
2025-07-23 02:16:00,1.17397,1.1740599999999999,1.17394,1.17405,33,2,0
2025-07-23 02:17:00,1.17404,1.17419,1.17402,1.17417,69,2,0
2025-07-23 02:18:00,1.17418,1.17418,1.17377,1.17398,214,2,0
2025-07-23 02:19:00,1.17398,1.17407,1.1738,1.17385,124,2,0
2025-07-23 02:20:00,1.17385,1.17401,1.1737,1.17382,189,2,0
2025-07-23 02:21:00,1.17382,1.17398,1.17368,1.17391,294,2,0
2025-07-23 02:22:00,1.17392,1.17394,1.17374,1.17377,122,2,0
2025-07-23 02:23:00,1.17377,1.17394,1.17373,1.17393,117,2,0
2025-07-23 02:24:00,1.17392,1.17392,1.1738,1.17382,80,2,0
2025-07-23 02:25:00,1.17382,1.17393,1.17367,1.17391,132,2,0
2025-07-23 02:26:00,1.17392,1.17394,1.17375,1.17376,82,2,0
2025-07-23 02:27:00,1.17376,1.17391,1.17373,1.17374,88,2,0
2025-07-23 02:28:00,1.1737,1.17379,1.17368,1.1737,89,2,0
2025-07-23 02:29:00,1.1737,1.17382,1.17364,1.17366,127,2,0
2025-07-23 02:30:00,1.17366,1.17373,1.17355,1.17368,114,2,0
2025-07-23 02:31:00,1.17367,1.17368,1.17349,1.17352,132,2,0
2025-07-23 02:32:00,1.17351,1.17352,1.17341,1.17343,114,2,0
2025-07-23 02:33:00,1.17343,1.17348,1.1734,1.17341,58,2,0
2025-07-23 02:34:00,1.17341,1.17341,1.17328,1.17337,64,2,0
2025-07-23 02:35:00,1.17337,1.17344,1.17333,1.17343,68,2,0
2025-07-23 02:36:00,1.17343,1.17365,1.17343,1.17365,70,2,0
2025-07-23 02:37:00,1.17364,1.17368,1.17354,1.17356,60,2,0
2025-07-23 02:38:00,1.17356,1.17363,1.1735,1.17351,51,2,0
2025-07-23 02:39:00,1.17351,1.17353,1.17347,1.17349,55,2,0
2025-07-23 02:40:00,1.17349,1.1737,1.17349,1.1737,59,2,0
2025-07-23 02:41:00,1.1737,1.17371,1.17364,1.1736900000000001,65,2,0
2025-07-23 02:42:00,1.1736900000000001,1.1738,1.17368,1.17378,42,2,0
2025-07-23 02:43:00,1.17378,1.17378,1.17359,1.17363,48,2,0
2025-07-23 02:44:00,1.17363,1.1737,1.17362,1.17368,44,2,0
2025-07-23 02:45:00,1.17367,1.17374,1.17365,1.17374,46,2,0
2025-07-23 02:46:00,1.17374,1.17378,1.17371,1.17377,44,2,0
2025-07-23 02:47:00,1.17377,1.17378,1.17368,1.17372,28,2,0
2025-07-23 02:48:00,1.17371,1.17377,1.1736900000000001,1.17373,36,2,0
2025-07-23 02:49:00,1.17373,1.17377,1.17352,1.17353,78,2,0
2025-07-23 02:50:00,1.17353,1.17354,1.17343,1.1735,52,2,0
2025-07-23 02:51:00,1.17351,1.17351,1.17343,1.17343,38,2,0
2025-07-23 02:52:00,1.17342,1.17348,1.17334,1.17338,53,2,0
2025-07-23 02:53:00,1.17338,1.17339,1.17333,1.17338,35,2,0
2025-07-23 02:54:00,1.17338,1.17343,1.17338,1.1734,30,2,0
2025-07-23 02:55:00,1.17341,1.17341,1.17331,1.17332,40,2,0
2025-07-23 02:56:00,1.17332,1.17348,1.17331,1.17346,48,2,0
2025-07-23 02:57:00,1.17346,1.17347,1.1733500000000001,1.17343,50,2,0
2025-07-23 02:58:00,1.17343,1.17354,1.17343,1.17353,49,2,0
2025-07-23 02:59:00,1.17353,1.17354,1.17347,1.17348,25,2,0
2025-07-23 03:00:00,1.17348,1.17356,1.1734499999999999,1.17348,64,2,0
2025-07-23 03:01:00,1.17348,1.17349,1.17343,1.17346,24,2,0
2025-07-23 03:02:00,1.17346,1.17368,1.1734,1.17368,57,2,0
2025-07-23 03:03:00,1.17368,1.17368,1.17362,1.17363,28,2,0
2025-07-23 03:04:00,1.17362,1.17372,1.17362,1.17365,46,2,0
2025-07-23 03:05:00,1.17365,1.17379,1.17365,1.17374,49,2,0
2025-07-23 03:06:00,1.17373,1.17384,1.17373,1.17377,29,2,0
2025-07-23 03:07:00,1.17377,1.17377,1.17365,1.17372,32,2,0
2025-07-23 03:08:00,1.17371,1.17373,1.17362,1.17363,46,2,0
2025-07-23 03:09:00,1.17363,1.17367,1.17352,1.17366,49,2,0
2025-07-23 03:10:00,1.17366,1.17373,1.17361,1.17363,23,2,0
2025-07-23 03:11:00,1.17362,1.17365,1.17356,1.17356,43,2,0
2025-07-23 03:12:00,1.17357,1.17362,1.17353,1.17357,28,2,0
2025-07-23 03:13:00,1.17357,1.17365,1.17357,1.17365,23,2,0
2025-07-23 03:14:00,1.17364,1.17383,1.17363,1.17376,35,2,0
2025-07-23 03:15:00,1.17376,1.17383,1.17375,1.17378,44,2,0
2025-07-23 03:16:00,1.17378,1.17391,1.17377,1.17386,60,2,0
2025-07-23 03:17:00,1.17386,1.17394,1.17386,1.1739,23,2,0
2025-07-23 03:18:00,1.1739,1.17393,1.17389,1.1739,38,2,0
2025-07-23 03:19:00,1.1739,1.17397,1.17385,1.1739600000000001,65,2,0
2025-07-23 03:20:00,1.1739600000000001,1.17398,1.17393,1.17397,22,2,0
2025-07-23 03:21:00,1.17398,1.17401,1.17397,1.17397,57,2,0
2025-07-23 03:22:00,1.17397,1.17417,1.17391,1.17413,61,2,0
2025-07-23 03:23:00,1.17413,1.17416,1.17404,1.17408,59,2,0
2025-07-23 03:24:00,1.17407,1.17415,1.17402,1.17412,55,2,0
2025-07-23 03:25:00,1.17412,1.17415,1.17408,1.17409,22,2,0
2025-07-23 03:26:00,1.17409,1.17415,1.17409,1.17414,16,2,0
2025-07-23 03:27:00,1.17415,1.17419,1.17411,1.17419,52,2,0
2025-07-23 03:28:00,1.17419,1.17428,1.17418,1.17423,40,2,0
2025-07-23 03:29:00,1.17423,1.17447,1.17423,1.17441,57,2,0
2025-07-23 03:30:00,1.17441,1.17461,1.17441,1.17458,65,2,0
2025-07-23 03:31:00,1.17458,1.17459,1.17451,1.17454,62,2,0
2025-07-23 03:32:00,1.17454,1.17454,1.17438,1.17439,36,2,0
2025-07-23 03:33:00,1.17439,1.17443,1.1743000000000001,1.17431,48,2,0
2025-07-23 03:34:00,1.17431,1.1745,1.17431,1.1745,59,2,0
2025-07-23 03:35:00,1.1745,1.17458,1.17448,1.17451,82,2,0
2025-07-23 03:36:00,1.1745,1.17455,1.17442,1.17454,48,2,0
2025-07-23 03:37:00,1.17454,1.17454,1.17434,1.17441,56,2,0
2025-07-23 03:38:00,1.17441,1.17442,1.17429,1.1743000000000001,56,2,0
2025-07-23 03:39:00,1.1743000000000001,1.17448,1.17429,1.17447,30,2,0
2025-07-23 03:40:00,1.17447,1.17456,1.17447,1.17447,53,2,0
2025-07-23 03:41:00,1.17447,1.17455,1.17447,1.17448,61,2,0
2025-07-23 03:42:00,1.17448,1.17454,1.17448,1.17451,59,2,0
2025-07-23 03:43:00,1.17451,1.17456,1.17446,1.17452,69,2,0
2025-07-23 03:44:00,1.17452,1.1745700000000001,1.17446,1.17446,35,2,0
2025-07-23 03:45:00,1.17447,1.17456,1.17447,1.17452,44,2,0
2025-07-23 03:46:00,1.17452,1.17455,1.17444,1.17444,23,2,0
2025-07-23 03:47:00,1.17444,1.17447,1.17433,1.17439,52,2,0
2025-07-23 03:48:00,1.17439,1.17444,1.17436,1.17436,19,2,0
2025-07-23 03:49:00,1.17436,1.17437,1.17431,1.17433,26,2,0
2025-07-23 03:50:00,1.17433,1.17434,1.17431,1.17432,34,2,0
2025-07-23 03:51:00,1.17432,1.17432,1.1743000000000001,1.17431,9,2,0
2025-07-23 03:52:00,1.17431,1.17431,1.17407,1.17408,60,2,0
2025-07-23 03:53:00,1.17407,1.17415,1.1740599999999999,1.17412,31,2,0
2025-07-23 03:54:00,1.17412,1.17417,1.17398,1.17402,61,2,0
2025-07-23 03:55:00,1.17402,1.17402,1.17382,1.17384,98,2,0
2025-07-23 03:56:00,1.17384,1.17394,1.17382,1.17389,72,2,0
2025-07-23 03:57:00,1.17389,1.17389,1.17383,1.17384,33,2,0
2025-07-23 03:58:00,1.17384,1.17393,1.17384,1.17389,57,2,0
2025-07-23 03:59:00,1.17389,1.17392,1.17387,1.17391,51,2,0
2025-07-23 04:00:00,1.17391,1.17398,1.17381,1.17381,76,2,0
2025-07-23 04:01:00,1.17381,1.17383,1.17378,1.17382,26,2,0
2025-07-23 04:02:00,1.17382,1.17387,1.17366,1.17366,50,2,0
2025-07-23 04:03:00,1.17366,1.17371,1.17357,1.17357,48,2,0
2025-07-23 04:04:00,1.17357,1.17362,1.1735,1.17351,48,2,0
2025-07-23 04:05:00,1.17352,1.17353,1.1734,1.1735,89,2,0
2025-07-23 04:06:00,1.1735,1.17367,1.1735,1.17361,50,2,0
2025-07-23 04:07:00,1.17362,1.17372,1.17361,1.17368,20,2,0
2025-07-23 04:08:00,1.17368,1.1736900000000001,1.17365,1.17366,20,2,0
2025-07-23 04:09:00,1.17366,1.17374,1.17366,1.17366,63,2,0
2025-07-23 04:10:00,1.17366,1.17367,1.17351,1.17352,39,2,0
2025-07-23 04:11:00,1.1735,1.17368,1.17347,1.17366,34,2,0
2025-07-23 04:12:00,1.17367,1.17382,1.17367,1.17368,39,2,0
2025-07-23 04:13:00,1.1736900000000001,1.1736900000000001,1.17362,1.17368,46,2,0
2025-07-23 04:14:00,1.17368,1.17372,1.17368,1.1736900000000001,44,2,0
2025-07-23 04:15:00,1.1736900000000001,1.17375,1.17366,1.17367,34,2,0
2025-07-23 04:16:00,1.17367,1.17374,1.17367,1.17371,31,2,0
2025-07-23 04:17:00,1.17372,1.17372,1.17367,1.17368,32,2,0
2025-07-23 04:18:00,1.17368,1.17379,1.17368,1.17377,49,2,0
2025-07-23 04:19:00,1.17377,1.17378,1.17367,1.17368,48,2,0
2025-07-23 04:20:00,1.17368,1.1736900000000001,1.17357,1.17361,67,2,0
2025-07-23 04:21:00,1.17361,1.17366,1.17361,1.17362,46,2,0
2025-07-23 04:22:00,1.17363,1.17363,1.17357,1.17358,37,2,0
2025-07-23 04:23:00,1.17357,1.17357,1.1733500000000001,1.17337,38,2,0
2025-07-23 04:24:00,1.17337,1.17341,1.1732,1.17323,109,2,0
2025-07-23 04:25:00,1.17323,1.17336,1.17323,1.17334,60,2,0
2025-07-23 04:26:00,1.17334,1.1735,1.17334,1.17348,30,2,0
2025-07-23 04:27:00,1.17349,1.1735,1.1734499999999999,1.1735,29,2,0
2025-07-23 04:28:00,1.17351,1.17354,1.17348,1.17352,33,2,0
2025-07-23 04:29:00,1.17352,1.17358,1.17351,1.17357,13,2,0
2025-07-23 04:30:00,1.17357,1.17362,1.17353,1.17361,34,2,0
2025-07-23 04:31:00,1.17361,1.17363,1.17358,1.17363,33,2,0
2025-07-23 04:32:00,1.17363,1.1736900000000001,1.17361,1.17364,27,2,0
2025-07-23 04:33:00,1.17364,1.17371,1.17363,1.17367,34,2,0
2025-07-23 04:34:00,1.17367,1.1737,1.17362,1.17363,29,2,0
2025-07-23 04:35:00,1.17363,1.17367,1.17363,1.17367,5,2,0
2025-07-23 04:36:00,1.17367,1.17368,1.17359,1.17359,15,2,0
2025-07-23 04:37:00,1.1736,1.17362,1.17358,1.17359,8,2,0
2025-07-23 04:38:00,1.1736,1.17361,1.17352,1.17354,32,2,0
2025-07-23 04:39:00,1.17354,1.17361,1.17354,1.17358,28,2,0
2025-07-23 04:40:00,1.17358,1.17358,1.17342,1.17352,50,2,0
2025-07-23 04:41:00,1.17353,1.17353,1.17348,1.17348,25,2,0
2025-07-23 04:42:00,1.17348,1.17353,1.17348,1.17353,16,2,0
2025-07-23 04:43:00,1.17353,1.17357,1.17347,1.17357,15,2,0
2025-07-23 04:44:00,1.17356,1.17362,1.17356,1.17362,19,2,0
2025-07-23 04:45:00,1.17361,1.17368,1.17358,1.17364,27,2,0
2025-07-23 04:46:00,1.17364,1.17365,1.17358,1.1736,25,2,0
2025-07-23 04:47:00,1.1736,1.17361,1.17357,1.1736,33,2,0
2025-07-23 04:48:00,1.17361,1.17368,1.1736,1.17367,21,2,0
2025-07-23 04:49:00,1.17366,1.17383,1.17366,1.17378,71,2,0
2025-07-23 04:50:00,1.17378,1.17386,1.17377,1.17385,31,2,0
2025-07-23 04:51:00,1.17385,1.17387,1.17376,1.17377,17,2,0
2025-07-23 04:52:00,1.17377,1.17377,1.17366,1.17367,29,2,0
2025-07-23 04:53:00,1.17367,1.17368,1.17357,1.17368,36,2,0
2025-07-23 04:54:00,1.17368,1.1736900000000001,1.17361,1.17362,18,2,0
2025-07-23 04:55:00,1.17362,1.17362,1.17352,1.17353,24,2,0
2025-07-23 04:56:00,1.17353,1.17353,1.17343,1.17343,22,2,0
2025-07-23 04:57:00,1.17343,1.17346,1.17338,1.17341,21,2,0
2025-07-23 04:58:00,1.17341,1.17341,1.17333,1.17339,22,2,0
2025-07-23 04:59:00,1.17339,1.17353,1.17339,1.1735,50,2,0
2025-07-23 05:00:00,1.17349,1.17353,1.1734499999999999,1.1735,67,2,0
2025-07-23 05:01:00,1.17351,1.1736,1.1735,1.17357,43,2,0
2025-07-23 05:02:00,1.17356,1.17377,1.17356,1.17371,73,2,0
2025-07-23 05:03:00,1.17371,1.17376,1.17363,1.17363,32,2,0
2025-07-23 05:04:00,1.17363,1.1737,1.17357,1.17361,56,2,0
2025-07-23 05:05:00,1.17361,1.17361,1.17351,1.17358,26,2,0
2025-07-23 05:06:00,1.17358,1.17359,1.17351,1.17358,35,2,0
2025-07-23 05:07:00,1.17358,1.17373,1.17357,1.17372,34,2,0
2025-07-23 05:08:00,1.17372,1.17372,1.17366,1.1736900000000001,17,2,0
2025-07-23 05:09:00,1.17368,1.1736900000000001,1.17358,1.17359,28,2,0
2025-07-23 05:10:00,1.17358,1.17358,1.17352,1.17353,35,2,0
2025-07-23 05:11:00,1.17353,1.17354,1.17348,1.17353,41,2,0
2025-07-23 05:12:00,1.17353,1.17361,1.17353,1.17358,36,2,0
2025-07-23 05:13:00,1.17358,1.17358,1.17329,1.1733,59,2,0
2025-07-23 05:14:00,1.1733,1.17339,1.1733,1.17337,62,2,0
2025-07-23 05:15:00,1.17337,1.17338,1.17317,1.17317,78,2,0
2025-07-23 05:16:00,1.17317,1.17325,1.17317,1.17323,32,2,0
2025-07-23 05:17:00,1.17323,1.17327,1.17321,1.17327,38,2,0
2025-07-23 05:18:00,1.17327,1.17327,1.17315,1.17317,48,2,0
2025-07-23 05:19:00,1.17318,1.17323,1.17312,1.17322,33,2,0
2025-07-23 05:20:00,1.17322,1.17327,1.17321,1.17323,17,2,0
2025-07-23 05:21:00,1.17323,1.17334,1.17323,1.17331,32,2,0
2025-07-23 05:22:00,1.17331,1.17337,1.17331,1.17334,37,2,0
2025-07-23 05:23:00,1.17334,1.1734,1.17333,1.17338,29,2,0
2025-07-23 05:24:00,1.17338,1.17349,1.17337,1.17343,39,2,0
2025-07-23 05:25:00,1.17342,1.17352,1.17342,1.1734499999999999,27,2,0
2025-07-23 05:26:00,1.1734499999999999,1.17346,1.17338,1.17338,44,2,0
2025-07-23 05:27:00,1.17338,1.17343,1.17336,1.17343,49,2,0
2025-07-23 05:28:00,1.17343,1.17354,1.17342,1.17349,42,2,0
2025-07-23 05:29:00,1.17348,1.17349,1.17347,1.17347,16,2,0
2025-07-23 05:30:00,1.17347,1.17347,1.17333,1.17338,38,2,0
2025-07-23 05:31:00,1.17337,1.17341,1.17337,1.17339,28,2,0
2025-07-23 05:32:00,1.17339,1.17344,1.17339,1.1734,40,2,0
2025-07-23 05:33:00,1.1734,1.17355,1.17334,1.17354,64,2,0
2025-07-23 05:34:00,1.17354,1.17356,1.17339,1.1734,62,2,0
2025-07-23 05:35:00,1.17339,1.17344,1.1733,1.17337,68,2,0
2025-07-23 05:36:00,1.17337,1.17337,1.17332,1.17333,13,2,0
2025-07-23 05:37:00,1.17332,1.17333,1.17316,1.17319,36,2,0
2025-07-23 05:38:00,1.17318,1.17323,1.17311,1.17319,61,2,0
2025-07-23 05:39:00,1.17318,1.17318,1.17301,1.17306,77,2,0
2025-07-23 05:40:00,1.17306,1.17317,1.17302,1.17314,34,2,0
2025-07-23 05:41:00,1.17315,1.17321,1.17313,1.17313,51,2,0
2025-07-23 05:42:00,1.17313,1.17314,1.1728,1.17283,68,2,0
2025-07-23 05:43:00,1.17282,1.17296,1.17282,1.17286,53,2,0
2025-07-23 05:44:00,1.17285,1.17287,1.17278,1.1728,59,2,0
2025-07-23 05:45:00,1.1728,1.17286,1.17272,1.17281,80,2,0
2025-07-23 05:46:00,1.17281,1.17285,1.17276,1.17279,44,2,0
2025-07-23 05:47:00,1.17278,1.1728,1.17276,1.17278,54,2,0
2025-07-23 05:48:00,1.17277,1.17288,1.17276,1.17288,66,2,0
2025-07-23 05:49:00,1.17287,1.1730800000000001,1.17287,1.17307,57,2,0
2025-07-23 05:50:00,1.17306,1.1731,1.17293,1.17294,34,2,0
2025-07-23 05:51:00,1.17293,1.17294,1.17276,1.17287,52,2,0
2025-07-23 05:52:00,1.17287,1.17289,1.17278,1.17285,58,2,0
2025-07-23 05:53:00,1.1728399999999999,1.1728399999999999,1.17281,1.17282,42,2,0
2025-07-23 05:54:00,1.17282,1.17283,1.17276,1.17277,22,2,0
2025-07-23 05:55:00,1.17278,1.17306,1.17278,1.17306,64,2,0
2025-07-23 05:56:00,1.17306,1.17318,1.17304,1.17318,52,2,0
2025-07-23 05:57:00,1.17318,1.17318,1.17298,1.17301,95,2,0
2025-07-23 05:58:00,1.17301,1.1730800000000001,1.17301,1.17301,58,2,0
2025-07-23 05:59:00,1.17301,1.17305,1.17296,1.17304,67,2,0
2025-07-23 06:00:00,1.17304,1.1733500000000001,1.17301,1.17334,140,2,0
2025-07-23 06:01:00,1.17334,1.17349,1.17334,1.17337,133,2,0
2025-07-23 06:02:00,1.17337,1.17358,1.1733,1.17337,115,2,0
2025-07-23 06:03:00,1.1733500000000001,1.17346,1.1733500000000001,1.17343,90,2,0
2025-07-23 06:04:00,1.17343,1.17348,1.17334,1.1734499999999999,63,2,0
2025-07-23 06:05:00,1.17344,1.17347,1.17333,1.17338,52,2,0
2025-07-23 06:06:00,1.17338,1.17343,1.17328,1.17328,55,2,0
2025-07-23 06:07:00,1.17328,1.17343,1.17328,1.17342,59,2,0
2025-07-23 06:08:00,1.17342,1.17356,1.17333,1.17353,76,2,0
2025-07-23 06:09:00,1.17353,1.17359,1.17346,1.17347,62,2,0
2025-07-23 06:10:00,1.17347,1.17353,1.17332,1.17353,64,2,0
2025-07-23 06:11:00,1.17348,1.17348,1.17319,1.17319,60,2,0
2025-07-23 06:12:00,1.17319,1.17341,1.17319,1.17336,74,2,0
2025-07-23 06:13:00,1.17336,1.17336,1.17319,1.17331,78,2,0
2025-07-23 06:14:00,1.17331,1.17331,1.17321,1.17321,50,2,0
2025-07-23 06:15:00,1.17322,1.17337,1.17321,1.17336,77,2,0
2025-07-23 06:16:00,1.17336,1.17343,1.17332,1.17334,53,2,0
2025-07-23 06:17:00,1.17334,1.1733500000000001,1.17315,1.17321,69,2,0
2025-07-23 06:18:00,1.17321,1.17327,1.17306,1.17326,69,2,0
2025-07-23 06:19:00,1.17326,1.17331,1.17321,1.17321,27,2,0
2025-07-23 06:20:00,1.17321,1.1733500000000001,1.17321,1.17331,49,2,0
2025-07-23 06:21:00,1.17331,1.17332,1.17315,1.1732,61,2,0
2025-07-23 06:22:00,1.1732,1.1732,1.17305,1.17312,111,2,0
2025-07-23 06:23:00,1.17312,1.1732,1.17311,1.17316,52,2,0
2025-07-23 06:24:00,1.17316,1.17317,1.17306,1.17317,51,2,0
2025-07-23 06:25:00,1.17317,1.17322,1.17312,1.17321,43,2,0
2025-07-23 06:26:00,1.17321,1.17321,1.17315,1.17321,28,2,0
2025-07-23 06:27:00,1.1732,1.17321,1.17309,1.1731,41,2,0
2025-07-23 06:28:00,1.1731,1.17318,1.17305,1.17316,36,2,0
2025-07-23 06:29:00,1.17316,1.17357,1.1731,1.17347,153,2,0
2025-07-23 06:30:00,1.17347,1.17357,1.1733500000000001,1.17346,224,2,0
2025-07-23 06:31:00,1.17346,1.17346,1.17327,1.17337,92,2,0
2025-07-23 06:32:00,1.17337,1.17363,1.17334,1.17351,85,2,0
2025-07-23 06:33:00,1.17351,1.17351,1.1733500000000001,1.17341,61,2,0
2025-07-23 06:34:00,1.17341,1.17364,1.1734,1.17364,67,2,0
2025-07-23 06:35:00,1.17364,1.17367,1.1736,1.17362,49,2,0
2025-07-23 06:36:00,1.17362,1.17366,1.17346,1.17346,61,2,0
2025-07-23 06:37:00,1.1735,1.1735,1.17334,1.17334,73,2,0
2025-07-23 06:38:00,1.17334,1.17336,1.17326,1.17326,49,2,0
2025-07-23 06:39:00,1.17327,1.1733,1.17315,1.17316,63,2,0
2025-07-23 06:40:00,1.17316,1.17333,1.17306,1.17332,63,2,0
2025-07-23 06:41:00,1.17332,1.17338,1.1732,1.17321,49,2,0
2025-07-23 06:42:00,1.17321,1.17327,1.1732,1.17326,22,2,0
2025-07-23 06:43:00,1.17326,1.17348,1.17326,1.1734,62,2,0
2025-07-23 06:44:00,1.1734,1.17357,1.1734,1.17351,60,2,0
2025-07-23 06:45:00,1.17351,1.1738,1.17348,1.17376,116,2,0
2025-07-23 06:46:00,1.17376,1.17394,1.17375,1.17394,72,2,0
2025-07-23 06:47:00,1.17394,1.17395,1.17385,1.17388,61,2,0
2025-07-23 06:48:00,1.17388,1.17392,1.1738,1.17382,60,2,0
2025-07-23 06:49:00,1.17382,1.17387,1.17355,1.17357,93,2,0
2025-07-23 06:50:00,1.17357,1.17359,1.17347,1.17356,69,2,0
2025-07-23 06:51:00,1.17356,1.1736900000000001,1.17355,1.17368,62,2,0
2025-07-23 06:52:00,1.17368,1.1737,1.17361,1.1737,30,2,0
2025-07-23 06:53:00,1.17371,1.17371,1.17361,1.17367,47,2,0
2025-07-23 06:54:00,1.17366,1.17371,1.17355,1.17366,52,2,0
2025-07-23 06:55:00,1.17366,1.17398,1.17365,1.17392,86,2,0
2025-07-23 06:56:00,1.17392,1.17411,1.17385,1.174,74,2,0
2025-07-23 06:57:00,1.174,1.17408,1.1739,1.17407,124,2,0
2025-07-23 06:58:00,1.17407,1.17421,1.1739600000000001,1.17412,156,2,0
2025-07-23 06:59:00,1.17412,1.17425,1.17407,1.17423,144,2,0
2025-07-23 07:00:00,1.17423,1.17423,1.17407,1.17418,255,2,0
2025-07-23 07:01:00,1.17418,1.17438,1.17418,1.17438,173,2,0
2025-07-23 07:02:00,1.17438,1.17447,1.17432,1.1743999999999999,153,2,0
2025-07-23 07:03:00,1.17439,1.1743999999999999,1.17417,1.17417,109,2,0
2025-07-23 07:04:00,1.17418,1.17418,1.1739600000000001,1.17405,86,2,0
2025-07-23 07:05:00,1.17405,1.17405,1.1737,1.17387,107,2,0
2025-07-23 07:06:00,1.17386,1.17407,1.17386,1.17397,87,2,0
2025-07-23 07:07:00,1.17397,1.17418,1.1739600000000001,1.17417,85,2,0
2025-07-23 07:08:00,1.17417,1.17442,1.17417,1.17442,102,2,0
2025-07-23 07:09:00,1.17442,1.17469,1.17442,1.17453,110,2,0
2025-07-23 07:10:00,1.17454,1.1745700000000001,1.17438,1.17443,96,2,0
2025-07-23 07:11:00,1.17443,1.1745700000000001,1.17441,1.1745700000000001,71,2,0
2025-07-23 07:12:00,1.1745700000000001,1.17459,1.17442,1.17447,63,2,0
2025-07-23 07:13:00,1.17447,1.17454,1.17442,1.17453,76,2,0
2025-07-23 07:14:00,1.17453,1.17485,1.17452,1.17473,104,2,0
2025-07-23 07:15:00,1.17473,1.17479,1.17461,1.17478,62,2,0
2025-07-23 07:16:00,1.17478,1.17497,1.17468,1.17479,123,2,0
2025-07-23 07:17:00,1.17478,1.17488,1.17475,1.1748,60,2,0
2025-07-23 07:18:00,1.1748,1.17497,1.17477,1.17495,66,2,0
2025-07-23 07:19:00,1.17495,1.17503,1.17493,1.17499,89,2,0
2025-07-23 07:20:00,1.17499,1.17529,1.17497,1.17503,157,2,0
2025-07-23 07:21:00,1.17502,1.17503,1.17475,1.17477,84,2,0
2025-07-23 07:22:00,1.17477,1.17483,1.17472,1.17472,68,2,0
2025-07-23 07:23:00,1.17473,1.17476,1.1745,1.17451,52,2,0
2025-07-23 07:24:00,1.17452,1.17458,1.17444,1.17449,114,2,0
2025-07-23 07:25:00,1.17449,1.17449,1.1741,1.17412,98,2,0
2025-07-23 07:26:00,1.17412,1.1742,1.174,1.17408,83,2,0
2025-07-23 07:27:00,1.17408,1.17438,1.1740599999999999,1.17432,89,2,0
2025-07-23 07:28:00,1.17432,1.17442,1.17421,1.17438,96,2,0
2025-07-23 07:29:00,1.17438,1.17453,1.17436,1.17443,95,2,0
2025-07-23 07:30:00,1.17443,1.17471,1.17442,1.17451,111,2,0
2025-07-23 07:31:00,1.17451,1.17453,1.17423,1.17437,80,2,0
2025-07-23 07:32:00,1.17438,1.17444,1.17433,1.17437,91,2,0
2025-07-23 07:33:00,1.17438,1.17471,1.17428,1.1747,93,2,0
2025-07-23 07:34:00,1.1747,1.17473,1.1745700000000001,1.1747,150,2,0
2025-07-23 07:35:00,1.17469,1.17471,1.1743000000000001,1.17431,115,2,0
2025-07-23 07:36:00,1.17431,1.17442,1.17421,1.17437,96,2,0
2025-07-23 07:37:00,1.17437,1.17453,1.17431,1.17447,93,2,0
2025-07-23 07:38:00,1.17447,1.17447,1.17429,1.17433,95,2,0
2025-07-23 07:39:00,1.17433,1.17435,1.17405,1.17407,69,2,0
2025-07-23 07:40:00,1.17407,1.17416,1.17401,1.17414,71,2,0
2025-07-23 07:41:00,1.17414,1.17414,1.17402,1.17403,94,2,0
2025-07-23 07:42:00,1.17403,1.1741,1.17385,1.1739,83,2,0
2025-07-23 07:43:00,1.1739,1.1739600000000001,1.17385,1.17392,57,2,0
2025-07-23 07:44:00,1.17392,1.17393,1.17385,1.17388,71,2,0
2025-07-23 07:45:00,1.17387,1.17388,1.17352,1.17353,104,2,0
2025-07-23 07:46:00,1.17352,1.17366,1.17346,1.17366,103,2,0
2025-07-23 07:47:00,1.17366,1.1738,1.17361,1.17377,55,2,0
2025-07-23 07:48:00,1.17377,1.17377,1.17357,1.17357,79,2,0
2025-07-23 07:49:00,1.17357,1.1736,1.17344,1.1735,66,2,0
2025-07-23 07:50:00,1.1735,1.17351,1.17343,1.17346,47,2,0
2025-07-23 07:51:00,1.17346,1.17347,1.17338,1.17344,69,2,0
2025-07-23 07:52:00,1.17344,1.17346,1.1734,1.17346,49,2,0
2025-07-23 07:53:00,1.17346,1.1736,1.17344,1.17355,58,2,0
2025-07-23 07:54:00,1.17355,1.17372,1.17353,1.17364,119,2,0
2025-07-23 07:55:00,1.17364,1.1738,1.17363,1.1738,79,2,0
2025-07-23 07:56:00,1.17381,1.17389,1.17373,1.17374,110,2,0
2025-07-23 07:57:00,1.17374,1.17403,1.1736900000000001,1.17401,98,2,0
2025-07-23 07:58:00,1.17402,1.17423,1.17401,1.17418,73,2,0
2025-07-23 07:59:00,1.17418,1.1742,1.17413,1.17418,79,2,0
2025-07-23 08:00:00,1.17419,1.17422,1.17395,1.1739600000000001,145,2,0
2025-07-23 08:01:00,1.17395,1.17399,1.17368,1.1736900000000001,111,2,0
2025-07-23 08:02:00,1.1736900000000001,1.17388,1.1736900000000001,1.17387,88,2,0
2025-07-23 08:03:00,1.17387,1.17433,1.17384,1.17431,131,2,0
2025-07-23 08:04:00,1.17431,1.17448,1.17424,1.17436,93,2,0
2025-07-23 08:05:00,1.17436,1.17448,1.17431,1.17442,82,2,0
2025-07-23 08:06:00,1.17442,1.17447,1.17432,1.17433,68,2,0
2025-07-23 08:07:00,1.17433,1.1743999999999999,1.17426,1.17429,72,2,0
2025-07-23 08:08:00,1.17428,1.17453,1.17428,1.17449,70,2,0
2025-07-23 08:09:00,1.17449,1.17466,1.17448,1.1745700000000001,105,2,0
2025-07-23 08:10:00,1.17458,1.17478,1.17449,1.17477,64,2,0
2025-07-23 08:11:00,1.17477,1.1748,1.17445,1.17445,100,2,0
2025-07-23 08:12:00,1.17445,1.17446,1.17431,1.17432,62,2,0
2025-07-23 08:13:00,1.17432,1.17442,1.17431,1.17442,46,2,0
2025-07-23 08:14:00,1.17441,1.17441,1.17427,1.17437,53,2,0
2025-07-23 08:15:00,1.17437,1.17439,1.17428,1.17434,57,2,0
2025-07-23 08:16:00,1.17434,1.17437,1.17421,1.17432,46,2,0
2025-07-23 08:17:00,1.17432,1.17442,1.17428,1.17431,56,2,0
2025-07-23 08:18:00,1.17431,1.17432,1.17392,1.17401,84,2,0
2025-07-23 08:19:00,1.174,1.17405,1.1739,1.174,74,2,0
2025-07-23 08:20:00,1.17401,1.17418,1.17401,1.17408,47,2,0
2025-07-23 08:21:00,1.17409,1.17422,1.17409,1.17421,44,2,0
2025-07-23 08:22:00,1.17421,1.17432,1.17385,1.1741,94,2,0
2025-07-23 08:23:00,1.17412,1.17427,1.1741,1.17411,107,2,0
2025-07-23 08:24:00,1.17411,1.17418,1.17388,1.17397,92,2,0
2025-07-23 08:25:00,1.17393,1.17397,1.17387,1.17391,62,2,0
2025-07-23 08:26:00,1.17391,1.17395,1.17382,1.17391,81,2,0
2025-07-23 08:27:00,1.17391,1.17393,1.17381,1.17382,49,2,0
2025-07-23 08:28:00,1.17382,1.17392,1.17371,1.17391,66,2,0
2025-07-23 08:29:00,1.17391,1.17393,1.17385,1.17385,78,2,0
2025-07-23 08:30:00,1.17385,1.17397,1.17381,1.17388,82,2,0
2025-07-23 08:31:00,1.17388,1.17398,1.17382,1.17386,66,2,0
2025-07-23 08:32:00,1.17386,1.17386,1.17372,1.17372,45,2,0
2025-07-23 08:33:00,1.17372,1.17372,1.17351,1.17355,45,2,0
2025-07-23 08:34:00,1.17355,1.17358,1.17336,1.1735,107,2,0
2025-07-23 08:35:00,1.1735,1.17351,1.17325,1.17326,105,2,0
2025-07-23 08:36:00,1.17326,1.17332,1.17312,1.17316,59,2,0
2025-07-23 08:37:00,1.17316,1.17322,1.17311,1.17316,73,2,0
2025-07-23 08:38:00,1.17316,1.17338,1.1731,1.17338,95,2,0
2025-07-23 08:39:00,1.17338,1.17343,1.17327,1.17331,102,2,0
2025-07-23 08:40:00,1.17331,1.17342,1.17319,1.17329,111,2,0
2025-07-23 08:41:00,1.17329,1.1733,1.17313,1.17317,113,2,0
2025-07-23 08:42:00,1.17318,1.17333,1.17313,1.17327,81,2,0
2025-07-23 08:43:00,1.17327,1.17344,1.17327,1.17331,78,2,0
2025-07-23 08:44:00,1.17331,1.17342,1.1733,1.1734,90,2,0
2025-07-23 08:45:00,1.1734,1.17346,1.17325,1.17327,93,2,0
2025-07-23 08:46:00,1.17327,1.17338,1.17325,1.17328,53,2,0
2025-07-23 08:47:00,1.17328,1.17329,1.17326,1.17328,41,2,0
2025-07-23 08:48:00,1.17328,1.1733,1.17311,1.17312,63,2,0
2025-07-23 08:49:00,1.17313,1.1733,1.17309,1.17321,67,2,0
2025-07-23 08:50:00,1.17322,1.17329,1.17321,1.17328,57,2,0
2025-07-23 08:51:00,1.17328,1.17339,1.17326,1.17329,75,2,0
2025-07-23 08:52:00,1.1733,1.1733,1.17318,1.17328,49,2,0
2025-07-23 08:53:00,1.17328,1.1733500000000001,1.17318,1.17329,40,2,0
2025-07-23 08:54:00,1.17329,1.17329,1.17312,1.17314,45,2,0
2025-07-23 08:55:00,1.17313,1.1733500000000001,1.17313,1.17328,74,2,0
2025-07-23 08:56:00,1.17329,1.17329,1.17319,1.17327,95,2,0
2025-07-23 08:57:00,1.17327,1.17333,1.17315,1.17331,80,2,0
2025-07-23 08:58:00,1.17331,1.1734,1.17326,1.17338,110,2,0
2025-07-23 08:59:00,1.17338,1.17338,1.1732,1.17327,112,2,0
2025-07-23 09:00:00,1.17327,1.17351,1.17322,1.1734499999999999,139,2,0
2025-07-23 09:01:00,1.1734499999999999,1.17355,1.1734,1.17343,139,2,0
2025-07-23 09:02:00,1.17342,1.17343,1.17318,1.17324,88,2,0
2025-07-23 09:03:00,1.17326,1.1733500000000001,1.1732,1.17332,46,2,0
2025-07-23 09:04:00,1.17332,1.17334,1.17327,1.17327,38,2,0
2025-07-23 09:05:00,1.17327,1.1733500000000001,1.17323,1.17327,70,2,0
2025-07-23 09:06:00,1.17327,1.1734,1.17323,1.17325,79,2,0
2025-07-23 09:07:00,1.17323,1.17327,1.17312,1.17324,58,2,0
2025-07-23 09:08:00,1.17324,1.17331,1.1732,1.1733,31,2,0
2025-07-23 09:09:00,1.17331,1.17343,1.17328,1.17334,58,2,0
2025-07-23 09:10:00,1.17334,1.1734,1.1732,1.1732,58,2,0
2025-07-23 09:11:00,1.1732,1.17329,1.17319,1.17326,31,2,0
2025-07-23 09:12:00,1.17326,1.17326,1.17319,1.1732,35,2,0
2025-07-23 09:13:00,1.17324,1.17338,1.17324,1.17336,48,2,0
2025-07-23 09:14:00,1.17337,1.17344,1.17336,1.17344,53,2,0
2025-07-23 09:15:00,1.17344,1.17346,1.17333,1.1734,53,2,0
2025-07-23 09:16:00,1.1734,1.1734,1.17323,1.17324,59,2,0
2025-07-23 09:17:00,1.17324,1.17324,1.17317,1.17319,55,2,0
2025-07-23 09:18:00,1.17319,1.1733,1.1731,1.1733,40,2,0
2025-07-23 09:19:00,1.1733,1.1734499999999999,1.1733,1.17339,48,2,0
2025-07-23 09:20:00,1.1734,1.1734499999999999,1.17323,1.17329,76,2,0
2025-07-23 09:21:00,1.17329,1.17329,1.17318,1.17319,85,2,0
2025-07-23 09:22:00,1.17319,1.17331,1.17315,1.17316,40,2,0
2025-07-23 09:23:00,1.17316,1.17318,1.17305,1.17306,50,2,0
2025-07-23 09:24:00,1.17306,1.17318,1.17306,1.17315,51,2,0
2025-07-23 09:25:00,1.17315,1.17315,1.17304,1.17313,56,2,0
2025-07-23 09:26:00,1.17313,1.17322,1.1730800000000001,1.1732,55,2,0
2025-07-23 09:27:00,1.17322,1.17322,1.17314,1.17317,64,2,0
2025-07-23 09:28:00,1.17317,1.17325,1.17315,1.17318,69,2,0
2025-07-23 09:29:00,1.17318,1.17326,1.17315,1.17325,72,2,0
2025-07-23 09:30:00,1.17325,1.17338,1.17325,1.17338,103,2,0
2025-07-23 09:31:00,1.17338,1.17343,1.17334,1.17339,68,2,0
2025-07-23 09:32:00,1.1734,1.1735,1.17338,1.17346,64,2,0
2025-07-23 09:33:00,1.17346,1.17349,1.17341,1.17344,72,2,0
2025-07-23 09:34:00,1.17344,1.1734499999999999,1.1733500000000001,1.17343,63,2,0
2025-07-23 09:35:00,1.17343,1.17343,1.17328,1.1733,59,2,0
2025-07-23 09:36:00,1.1733,1.1734,1.17329,1.17332,50,2,0
2025-07-23 09:37:00,1.17331,1.1734,1.17331,1.17339,34,2,0
2025-07-23 09:38:00,1.17339,1.1734,1.1733500000000001,1.17339,18,2,0
2025-07-23 09:39:00,1.17339,1.17343,1.17338,1.17342,21,2,0
2025-07-23 09:40:00,1.17342,1.17343,1.17333,1.17333,56,2,0
2025-07-23 09:41:00,1.17334,1.1734,1.17319,1.17334,55,2,0
2025-07-23 09:42:00,1.1733500000000001,1.17339,1.17329,1.17329,58,2,0
2025-07-23 09:43:00,1.17329,1.17332,1.17324,1.17326,41,2,0
2025-07-23 09:44:00,1.17326,1.1738,1.17323,1.1736900000000001,172,2,0
2025-07-23 09:45:00,1.1736900000000001,1.17371,1.17354,1.17361,45,2,0
2025-07-23 09:46:00,1.1736,1.17365,1.17351,1.17355,77,2,0
2025-07-23 09:47:00,1.17356,1.17366,1.17354,1.17355,63,2,0
2025-07-23 09:48:00,1.17356,1.17377,1.17356,1.17377,92,2,0
2025-07-23 09:49:00,1.17375,1.17382,1.17371,1.17375,56,2,0
2025-07-23 09:50:00,1.17374,1.17376,1.17367,1.17373,52,2,0
2025-07-23 09:51:00,1.17373,1.17374,1.17367,1.1736900000000001,75,2,0
2025-07-23 09:52:00,1.1736900000000001,1.17375,1.17359,1.17366,60,2,0
2025-07-23 09:53:00,1.17365,1.17371,1.17363,1.17364,42,2,0
2025-07-23 09:54:00,1.17364,1.17368,1.17359,1.17363,69,2,0
2025-07-23 09:55:00,1.17363,1.17367,1.17359,1.17365,85,2,0
2025-07-23 09:56:00,1.17365,1.17395,1.17365,1.17378,128,2,0
2025-07-23 09:57:00,1.17378,1.17378,1.17361,1.1736900000000001,108,2,0
2025-07-23 09:58:00,1.1737,1.17372,1.17363,1.17366,70,2,0
2025-07-23 09:59:00,1.17367,1.17368,1.1735,1.17359,100,2,0
2025-07-23 10:00:00,1.17359,1.17359,1.17349,1.17349,73,2,0
2025-07-23 10:01:00,1.17349,1.17349,1.17322,1.17323,88,2,0
2025-07-23 10:02:00,1.17322,1.17329,1.17305,1.17313,71,2,0
2025-07-23 10:03:00,1.17314,1.17327,1.17313,1.17324,71,2,0
2025-07-23 10:04:00,1.17324,1.17328,1.17321,1.17323,52,2,0
2025-07-23 10:05:00,1.17323,1.17325,1.17317,1.17317,34,2,0
2025-07-23 10:06:00,1.17317,1.17318,1.17314,1.17316,52,2,0
2025-07-23 10:07:00,1.17316,1.17323,1.17313,1.1732,48,2,0
2025-07-23 10:08:00,1.1732,1.17337,1.17304,1.17304,100,2,0
2025-07-23 10:09:00,1.17304,1.17311,1.17301,1.17306,55,2,0
2025-07-23 10:10:00,1.17306,1.17315,1.17301,1.17303,59,2,0
2025-07-23 10:11:00,1.17303,1.17305,1.17288,1.17288,66,2,0
2025-07-23 10:12:00,1.17288,1.17288,1.17277,1.17287,54,2,0
2025-07-23 10:13:00,1.17287,1.1729,1.1728,1.17281,71,2,0
2025-07-23 10:14:00,1.17282,1.17301,1.17282,1.17298,80,2,0
2025-07-23 10:15:00,1.17298,1.17301,1.17291,1.17299,69,2,0
2025-07-23 10:16:00,1.17299,1.17305,1.17296,1.17303,74,2,0
2025-07-23 10:17:00,1.17302,1.17309,1.17298,1.17304,72,2,0
2025-07-23 10:18:00,1.17304,1.17311,1.17298,1.17299,80,2,0
2025-07-23 10:19:00,1.17299,1.173,1.17283,1.17293,92,2,0
2025-07-23 10:20:00,1.17293,1.17297,1.17288,1.17288,44,2,0
2025-07-23 10:21:00,1.17288,1.17295,1.17287,1.17295,56,2,0
2025-07-23 10:22:00,1.17295,1.17298,1.17288,1.17298,50,2,0
2025-07-23 10:23:00,1.17298,1.17305,1.17293,1.17295,67,2,0
2025-07-23 10:24:00,1.17295,1.1730800000000001,1.17292,1.1730800000000001,73,2,0
2025-07-23 10:25:00,1.1730800000000001,1.17323,1.1730800000000001,1.1732,66,2,0
2025-07-23 10:26:00,1.1732,1.17326,1.17318,1.17322,57,2,0
2025-07-23 10:27:00,1.17323,1.17326,1.17317,1.17325,56,2,0
2025-07-23 10:28:00,1.17325,1.17339,1.17325,1.17339,92,2,0
2025-07-23 10:29:00,1.17339,1.17354,1.17339,1.17339,126,2,0
2025-07-23 10:30:00,1.17339,1.17366,1.17339,1.17351,141,2,0
2025-07-23 10:31:00,1.17351,1.17353,1.1733,1.1733,71,2,0
2025-07-23 10:32:00,1.1733,1.1734499999999999,1.17319,1.1732,107,2,0
2025-07-23 10:33:00,1.1732,1.17331,1.1731,1.17329,95,2,0
2025-07-23 10:34:00,1.17329,1.17329,1.17319,1.17329,35,2,0
2025-07-23 10:35:00,1.17329,1.17329,1.17318,1.17319,48,2,0
2025-07-23 10:36:00,1.17319,1.17328,1.17312,1.17325,59,2,0
2025-07-23 10:37:00,1.17325,1.17328,1.17319,1.1732,30,2,0
2025-07-23 10:38:00,1.17319,1.1732,1.1730800000000001,1.17314,47,2,0
2025-07-23 10:39:00,1.17314,1.17321,1.17311,1.17319,37,2,0
2025-07-23 10:40:00,1.17318,1.1733,1.17316,1.17317,36,2,0
2025-07-23 10:41:00,1.17317,1.17325,1.17314,1.17325,40,2,0
2025-07-23 10:42:00,1.17325,1.1733500000000001,1.17324,1.1733500000000001,41,2,0
2025-07-23 10:43:00,1.1733500000000001,1.1733500000000001,1.17326,1.17331,36,2,0
2025-07-23 10:44:00,1.17331,1.1733500000000001,1.17314,1.1733500000000001,40,2,0
2025-07-23 10:45:00,1.1733500000000001,1.17346,1.17334,1.17336,44,2,0
2025-07-23 10:46:00,1.17336,1.17339,1.17326,1.17329,40,2,0
2025-07-23 10:47:00,1.17329,1.17331,1.17325,1.17325,30,2,0
2025-07-23 10:48:00,1.17325,1.17327,1.17318,1.17324,35,2,0
2025-07-23 10:49:00,1.17324,1.17326,1.17314,1.17324,40,2,0
2025-07-23 10:50:00,1.17324,1.17331,1.17323,1.17329,45,2,0
2025-07-23 10:51:00,1.17329,1.1733,1.1732,1.1733,32,2,0
2025-07-23 10:52:00,1.1733,1.17334,1.17318,1.17323,58,2,0
2025-07-23 10:53:00,1.17323,1.17329,1.1727400000000001,1.17281,106,2,0
2025-07-23 10:54:00,1.17281,1.17281,1.17231,1.17253,157,2,0
2025-07-23 10:55:00,1.17253,1.17272,1.17253,1.17264,128,2,0
2025-07-23 10:56:00,1.17264,1.17267,1.17248,1.17253,117,2,0
2025-07-23 10:57:00,1.17253,1.1726,1.17248,1.17254,41,2,0
2025-07-23 10:58:00,1.17254,1.17267,1.17251,1.17257,42,2,0
2025-07-23 10:59:00,1.17258,1.17263,1.17254,1.1726,47,2,0
2025-07-23 11:00:00,1.1726,1.1726,1.17241,1.17242,51,2,0
2025-07-23 11:01:00,1.17242,1.17255,1.17242,1.17248,102,2,0
2025-07-23 11:02:00,1.17249,1.17257,1.17238,1.1724,125,2,0
2025-07-23 11:03:00,1.1724,1.17255,1.17239,1.17253,58,2,0
2025-07-23 11:04:00,1.17253,1.17262,1.17235,1.17262,93,2,0
2025-07-23 11:05:00,1.17261,1.17265,1.17258,1.17264,50,2,0
2025-07-23 11:06:00,1.17264,1.17266,1.1726,1.17265,58,2,0
2025-07-23 11:07:00,1.17265,1.17266,1.17253,1.17259,59,2,0
2025-07-23 11:08:00,1.17259,1.17272,1.1724999999999999,1.17265,172,2,0
2025-07-23 11:09:00,1.17264,1.17277,1.17262,1.17269,103,2,0
2025-07-23 11:10:00,1.17269,1.17273,1.17259,1.1727,109,2,0
2025-07-23 11:11:00,1.17271,1.17276,1.17259,1.17276,60,2,0
2025-07-23 11:12:00,1.17278,1.17285,1.17272,1.17275,97,2,0
2025-07-23 11:13:00,1.1727400000000001,1.17287,1.17251,1.17254,109,2,0
2025-07-23 11:14:00,1.17254,1.17256,1.17243,1.17249,71,2,0
2025-07-23 11:15:00,1.17249,1.17286,1.17249,1.17285,89,2,0
2025-07-23 11:16:00,1.1728399999999999,1.17294,1.17273,1.17281,71,2,0
2025-07-23 11:17:00,1.17281,1.17282,1.17264,1.17268,70,2,0
2025-07-23 11:18:00,1.17269,1.17277,1.17263,1.17264,40,2,0
2025-07-23 11:19:00,1.17264,1.17265,1.17257,1.17258,49,2,0
2025-07-23 11:20:00,1.17258,1.17262,1.17248,1.17258,56,2,0
2025-07-23 11:21:00,1.17258,1.17258,1.17245,1.17248,76,2,0
2025-07-23 11:22:00,1.17248,1.17259,1.17245,1.17257,74,2,0
2025-07-23 11:23:00,1.17257,1.1727,1.17253,1.17269,56,2,0
2025-07-23 11:24:00,1.17269,1.17282,1.17267,1.17272,86,2,0
2025-07-23 11:25:00,1.17273,1.17273,1.17261,1.17268,63,2,0
2025-07-23 11:26:00,1.17268,1.17269,1.17252,1.17256,74,2,0
2025-07-23 11:27:00,1.17256,1.17258,1.17245,1.1724999999999999,83,2,0
2025-07-23 11:28:00,1.1724999999999999,1.17265,1.1724999999999999,1.17261,43,2,0
2025-07-23 11:29:00,1.17262,1.1727,1.17256,1.17261,71,2,0
2025-07-23 11:30:00,1.17261,1.17276,1.1726,1.1727400000000001,97,2,0
2025-07-23 11:31:00,1.1727400000000001,1.17276,1.17254,1.17255,61,2,0
2025-07-23 11:32:00,1.17255,1.1726,1.17252,1.17253,41,2,0
2025-07-23 11:33:00,1.17253,1.17259,1.17248,1.17259,52,2,0
2025-07-23 11:34:00,1.17259,1.17269,1.17259,1.17264,79,2,0
2025-07-23 11:35:00,1.17264,1.17275,1.1724700000000001,1.1727400000000001,62,2,0
2025-07-23 11:36:00,1.1727400000000001,1.17278,1.17272,1.17276,54,2,0
2025-07-23 11:37:00,1.17275,1.17276,1.17255,1.17273,53,2,0
2025-07-23 11:38:00,1.17273,1.1727400000000001,1.17262,1.17269,56,2,0
2025-07-23 11:39:00,1.1727,1.17276,1.17267,1.1727400000000001,29,2,0
2025-07-23 11:40:00,1.1727400000000001,1.17294,1.17272,1.17294,88,2,0
2025-07-23 11:41:00,1.17294,1.17297,1.17279,1.17281,83,2,0
2025-07-23 11:42:00,1.17281,1.1728399999999999,1.1727,1.17279,72,2,0
2025-07-23 11:43:00,1.17279,1.17302,1.17279,1.17297,95,2,0
2025-07-23 11:44:00,1.17297,1.17313,1.17297,1.17305,124,2,0
2025-07-23 11:45:00,1.17305,1.17305,1.17283,1.1728399999999999,97,2,0
2025-07-23 11:46:00,1.1728399999999999,1.17289,1.17282,1.17288,65,2,0
2025-07-23 11:47:00,1.17288,1.17289,1.17273,1.1727400000000001,46,2,0
2025-07-23 11:48:00,1.1727400000000001,1.17278,1.17264,1.17277,62,2,0
2025-07-23 11:49:00,1.17277,1.17294,1.17277,1.17289,58,2,0
2025-07-23 11:50:00,1.17289,1.1729,1.1728399999999999,1.17286,40,2,0
2025-07-23 11:51:00,1.17285,1.17291,1.1728,1.17289,58,2,0
2025-07-23 11:52:00,1.17289,1.17291,1.17283,1.1729,69,2,0
2025-07-23 11:53:00,1.1729,1.17293,1.17286,1.1729,49,2,0
2025-07-23 11:54:00,1.1729,1.17292,1.17287,1.1729,44,2,0
2025-07-23 11:55:00,1.1729,1.17313,1.1728399999999999,1.17307,104,2,0
2025-07-23 11:56:00,1.17307,1.1731,1.17288,1.1729,112,2,0
2025-07-23 11:57:00,1.17289,1.17296,1.17269,1.1727400000000001,175,2,0
2025-07-23 11:58:00,1.17275,1.17288,1.17262,1.1727400000000001,150,2,0
2025-07-23 11:59:00,1.1727400000000001,1.17275,1.17256,1.17257,94,2,0
2025-07-23 12:00:00,1.17257,1.17265,1.17242,1.17263,140,2,0
2025-07-23 12:01:00,1.17264,1.17276,1.17261,1.1727400000000001,136,2,0
2025-07-23 12:02:00,1.1727400000000001,1.17292,1.17264,1.17292,123,2,0
2025-07-23 12:03:00,1.17292,1.17297,1.17285,1.17286,57,2,0
2025-07-23 12:04:00,1.17286,1.17293,1.1728399999999999,1.17289,90,2,0
2025-07-23 12:05:00,1.17289,1.17289,1.17281,1.1728399999999999,55,2,0
2025-07-23 12:06:00,1.1728399999999999,1.17285,1.17273,1.1728,66,2,0
2025-07-23 12:07:00,1.1728,1.17282,1.17269,1.17273,54,2,0
2025-07-23 12:08:00,1.17273,1.17277,1.17264,1.17264,48,2,0
2025-07-23 12:09:00,1.17265,1.17271,1.17261,1.17264,75,2,0
2025-07-23 12:10:00,1.17264,1.17281,1.17262,1.1728,62,2,0
2025-07-23 12:11:00,1.17281,1.17281,1.17269,1.17276,70,2,0
2025-07-23 12:12:00,1.17276,1.1728,1.17269,1.1728,60,2,0
2025-07-23 12:13:00,1.1728,1.17282,1.1727400000000001,1.17281,51,2,0
2025-07-23 12:14:00,1.17281,1.1728399999999999,1.17276,1.1728,56,2,0
2025-07-23 12:15:00,1.17281,1.17287,1.17279,1.17281,66,2,0
2025-07-23 12:16:00,1.17281,1.17309,1.17281,1.17301,91,2,0
2025-07-23 12:17:00,1.17301,1.17304,1.1729,1.17297,64,2,0
2025-07-23 12:18:00,1.17297,1.17311,1.17296,1.17311,70,2,0
2025-07-23 12:19:00,1.17311,1.17329,1.17311,1.17326,91,2,0
2025-07-23 12:20:00,1.17326,1.17333,1.17309,1.1731,91,2,0
2025-07-23 12:21:00,1.1731,1.17311,1.1728,1.17281,97,2,0
2025-07-23 12:22:00,1.1728,1.173,1.1728,1.17295,60,2,0
2025-07-23 12:23:00,1.17295,1.17301,1.17293,1.17294,35,2,0
2025-07-23 12:24:00,1.17293,1.173,1.17287,1.17292,59,2,0
2025-07-23 12:25:00,1.17292,1.173,1.17283,1.17283,60,2,0
2025-07-23 12:26:00,1.17283,1.1728399999999999,1.17265,1.17271,59,2,0
2025-07-23 12:27:00,1.17271,1.17271,1.17253,1.17254,45,2,0
2025-07-23 12:28:00,1.17253,1.17264,1.1724700000000001,1.17263,80,2,0
2025-07-23 12:29:00,1.17264,1.17264,1.17252,1.17254,76,2,0
2025-07-23 12:30:00,1.17254,1.17256,1.17242,1.17245,78,2,0
2025-07-23 12:31:00,1.17245,1.17248,1.17202,1.17208,91,2,0
2025-07-23 12:32:00,1.17207,1.17243,1.17202,1.17242,102,2,0
2025-07-23 12:33:00,1.17241,1.17256,1.17239,1.17243,95,2,0
2025-07-23 12:34:00,1.17244,1.17251,1.17243,1.17246,98,2,0
2025-07-23 12:35:00,1.17246,1.17249,1.17234,1.17236,63,2,0
2025-07-23 12:36:00,1.17234,1.17244,1.1723,1.17231,58,2,0
2025-07-23 12:37:00,1.17231,1.17231,1.1721300000000001,1.17218,77,2,0
2025-07-23 12:38:00,1.17218,1.17231,1.17218,1.17229,55,2,0
2025-07-23 12:39:00,1.17229,1.17231,1.1722299999999999,1.17225,42,2,0
2025-07-23 12:40:00,1.17225,1.17229,1.1722299999999999,1.17229,59,2,0
2025-07-23 12:41:00,1.17228,1.1723,1.1722299999999999,1.17224,70,2,0
2025-07-23 12:42:00,1.17224,1.17233,1.1722299999999999,1.17224,52,2,0
2025-07-23 12:43:00,1.17225,1.17238,1.1721,1.17237,78,2,0
2025-07-23 12:44:00,1.17237,1.1724,1.17224,1.17229,75,2,0
2025-07-23 12:45:00,1.1723,1.1724999999999999,1.1723,1.17234,89,2,0
2025-07-23 12:46:00,1.17235,1.17258,1.17235,1.17249,62,2,0
2025-07-23 12:47:00,1.17248,1.17248,1.1723,1.1723,113,2,0
2025-07-23 12:48:00,1.1723,1.17258,1.17227,1.17258,87,2,0
2025-07-23 12:49:00,1.17256,1.17268,1.17245,1.17254,121,2,0
2025-07-23 12:50:00,1.17254,1.17255,1.17237,1.17239,90,2,0
2025-07-23 12:51:00,1.17239,1.17239,1.17231,1.17235,77,2,0
2025-07-23 12:52:00,1.17235,1.17246,1.17235,1.17245,50,2,0
2025-07-23 12:53:00,1.17245,1.17246,1.1724,1.17245,49,2,0
2025-07-23 12:54:00,1.17245,1.17246,1.17227,1.17229,100,2,0
2025-07-23 12:55:00,1.17229,1.17246,1.17229,1.1724,89,2,0
2025-07-23 12:56:00,1.1724,1.17246,1.17238,1.17242,76,2,0
2025-07-23 12:57:00,1.17242,1.17249,1.17235,1.17244,115,2,0
2025-07-23 12:58:00,1.17241,1.17265,1.17236,1.17251,105,2,0
2025-07-23 12:59:00,1.17251,1.17251,1.17237,1.1724999999999999,96,2,0
2025-07-23 13:00:00,1.17249,1.17271,1.17239,1.17255,152,2,0
2025-07-23 13:01:00,1.17255,1.17265,1.17239,1.17243,149,2,0
2025-07-23 13:02:00,1.17243,1.17243,1.17228,1.17229,71,2,0
2025-07-23 13:03:00,1.17229,1.1723,1.17209,1.17214,88,2,0
2025-07-23 13:04:00,1.17214,1.17215,1.17185,1.17185,134,2,0
2025-07-23 13:05:00,1.17185,1.17185,1.17151,1.17165,120,2,0
2025-07-23 13:06:00,1.17165,1.17169,1.1716,1.17165,107,2,0
2025-07-23 13:07:00,1.17165,1.17207,1.17165,1.17195,143,2,0
2025-07-23 13:08:00,1.17194,1.17195,1.17174,1.17185,93,2,0
2025-07-23 13:09:00,1.17185,1.17226,1.17184,1.17226,144,2,0
2025-07-23 13:10:00,1.17226,1.1724700000000001,1.17221,1.17235,144,2,0
2025-07-23 13:11:00,1.17235,1.17242,1.17224,1.1723,77,2,0
2025-07-23 13:12:00,1.1723,1.17241,1.17224,1.17239,70,2,0
2025-07-23 13:13:00,1.17239,1.17245,1.17225,1.17241,131,2,0
2025-07-23 13:14:00,1.1724,1.17256,1.17239,1.1724999999999999,67,2,0
2025-07-23 13:15:00,1.1724999999999999,1.17281,1.1724999999999999,1.17278,112,2,0
2025-07-23 13:16:00,1.17281,1.17282,1.17267,1.17272,59,2,0
2025-07-23 13:17:00,1.17273,1.17296,1.17272,1.1728399999999999,61,2,0
2025-07-23 13:18:00,1.1728399999999999,1.1729,1.17253,1.17266,92,2,0
2025-07-23 13:19:00,1.17266,1.17303,1.17259,1.17259,130,2,0
2025-07-23 13:20:00,1.17259,1.17265,1.17243,1.17264,76,2,0
2025-07-23 13:21:00,1.17263,1.1727,1.17258,1.17259,47,2,0
2025-07-23 13:22:00,1.1726,1.1726,1.1724,1.1724,53,2,0
2025-07-23 13:23:00,1.17241,1.17251,1.17228,1.1724999999999999,79,2,0
2025-07-23 13:24:00,1.1724999999999999,1.17256,1.17244,1.17251,55,2,0
2025-07-23 13:25:00,1.17251,1.17251,1.17237,1.17239,50,2,0
2025-07-23 13:26:00,1.17239,1.17244,1.17231,1.1724,66,2,0
2025-07-23 13:27:00,1.17239,1.17245,1.1723,1.1724,55,2,0
2025-07-23 13:28:00,1.1724,1.1724,1.17224,1.17235,61,2,0
2025-07-23 13:29:00,1.17236,1.1724,1.1722,1.17222,112,2,0
2025-07-23 13:30:00,1.17222,1.17232,1.1721300000000001,1.17229,79,2,0
2025-07-23 13:31:00,1.17229,1.17231,1.17202,1.17205,103,2,0
2025-07-23 13:32:00,1.17205,1.1722299999999999,1.17198,1.17198,112,2,0
2025-07-23 13:33:00,1.17198,1.17199,1.17163,1.17163,149,2,0
2025-07-23 13:34:00,1.17163,1.17177,1.17158,1.1716,117,2,0
2025-07-23 13:35:00,1.1716,1.1716199999999999,1.17113,1.17113,128,2,0
2025-07-23 13:36:00,1.17113,1.17124,1.1711,1.1711,158,2,0
2025-07-23 13:37:00,1.17111,1.1712799999999999,1.17111,1.17119,140,2,0
2025-07-23 13:38:00,1.17119,1.17138,1.17116,1.17124,110,2,0
2025-07-23 13:39:00,1.1712500000000001,1.17138,1.17124,1.1712799999999999,75,2,0
2025-07-23 13:40:00,1.1712799999999999,1.1713,1.17119,1.1712500000000001,130,2,0
2025-07-23 13:41:00,1.1712500000000001,1.1717,1.17122,1.1716199999999999,165,2,0
2025-07-23 13:42:00,1.17159,1.17191,1.17158,1.1719,134,2,0
2025-07-23 13:43:00,1.1718899999999999,1.1718899999999999,1.17155,1.17155,121,2,0
2025-07-23 13:44:00,1.17155,1.17174,1.17155,1.17167,110,2,0
2025-07-23 13:45:00,1.17167,1.17179,1.17161,1.17173,118,2,0
2025-07-23 13:46:00,1.17173,1.17174,1.1716,1.17163,102,2,0
2025-07-23 13:47:00,1.17163,1.17174,1.17163,1.17169,79,2,0
2025-07-23 13:48:00,1.17169,1.17187,1.17167,1.17175,92,2,0
2025-07-23 13:49:00,1.17175,1.17191,1.17175,1.17187,58,2,0
2025-07-23 13:50:00,1.1718600000000001,1.17195,1.17184,1.17192,62,2,0
2025-07-23 13:51:00,1.17192,1.17195,1.17165,1.17193,125,2,0
2025-07-23 13:52:00,1.17192,1.17235,1.17191,1.17227,177,2,0
2025-07-23 13:53:00,1.17227,1.17234,1.17214,1.17233,160,2,0
2025-07-23 13:54:00,1.17234,1.17255,1.17234,1.17239,132,2,0
2025-07-23 13:55:00,1.17239,1.17244,1.17233,1.17236,97,2,0
2025-07-23 13:56:00,1.17234,1.17245,1.17234,1.17244,71,2,0
2025-07-23 13:57:00,1.17244,1.17251,1.17237,1.17251,97,2,0
2025-07-23 13:58:00,1.17251,1.17267,1.17251,1.17262,105,2,0
2025-07-23 13:59:00,1.17263,1.17281,1.1726,1.17264,134,2,0
2025-07-23 14:00:00,1.17264,1.17278,1.17257,1.1727400000000001,149,2,0
2025-07-23 14:01:00,1.1727400000000001,1.1728399999999999,1.17264,1.17269,67,2,0
2025-07-23 14:02:00,1.17269,1.1729,1.17268,1.17281,107,2,0
2025-07-23 14:03:00,1.17281,1.17289,1.17277,1.17289,89,2,0
2025-07-23 14:04:00,1.17289,1.17331,1.17289,1.1733,147,2,0
2025-07-23 14:05:00,1.1733,1.17346,1.17318,1.17346,144,2,0
2025-07-23 14:06:00,1.17346,1.17352,1.17324,1.1733500000000001,142,2,0
2025-07-23 14:07:00,1.1733500000000001,1.17351,1.17332,1.1735,98,2,0
2025-07-23 14:08:00,1.1735,1.17355,1.17338,1.17338,107,2,0
2025-07-23 14:09:00,1.17338,1.17339,1.17328,1.17332,91,2,0
2025-07-23 14:10:00,1.17332,1.17349,1.17329,1.17331,90,2,0
2025-07-23 14:11:00,1.17331,1.1734499999999999,1.17326,1.17336,81,2,0
2025-07-23 14:12:00,1.17336,1.1735,1.17333,1.17333,79,2,0
2025-07-23 14:13:00,1.17333,1.17347,1.17333,1.17341,54,2,0
2025-07-23 14:14:00,1.1734,1.17341,1.17299,1.17301,102,2,0
2025-07-23 14:15:00,1.17301,1.17304,1.17275,1.17275,91,2,0
2025-07-23 14:16:00,1.17276,1.17282,1.1727,1.17279,77,2,0
2025-07-23 14:17:00,1.17279,1.17279,1.17259,1.17265,70,2,0
2025-07-23 14:18:00,1.17265,1.17276,1.17259,1.17273,75,2,0
2025-07-23 14:19:00,1.17273,1.17285,1.17267,1.17281,94,2,0
2025-07-23 14:20:00,1.17281,1.17292,1.17279,1.17283,95,2,0
2025-07-23 14:21:00,1.17283,1.1728399999999999,1.17251,1.17254,81,2,0
2025-07-23 14:22:00,1.17254,1.17254,1.17245,1.17252,29,2,0
